"Site","Year","SampleRound","Doy","Date","SFBloomStatus","TransectType","SFBloom","TotalAbundance","Richness","SiteParasitismRate","SiteInfectedIndividuals","County","State","Country","Lat","Long","SiteType","Datum","AdjSF","AdjHR","AltSiteName","SF2019_350","SF2019_1000","SF2019_2500","SF2018_350","SF2018_1000","SF2018_2500","SF2017_350","SF2017_1000","SF2017_2500","Nat350","Nat1000","Nat2500","HR350","HR1000","HR2500","SunflowerCurrent350","SunflowerCurrent1000","SunflowerCurrent2500","SunflowerLastYr350","SunflowerLastYr1000","SunflowerLastYr2500","FloralAbundance","FloralRichness","FloralDiv","HBParasitismRate"
"Barrios","2018","1",214,2018-08-02,"peak","SF",1,138,8,0.6,33,"Yolo","CA","USA",38.75364,-121.83358,"WM + SF","WGS84","SF","no HR","WM + SF4",140018.72377922,1443525.33980928,9401783.66940496,343736.975249497,2152111.95434837,10861089.8223849,88426.2415846387,1609360.40438259,9822591.09189991,16748.3572714336,93861.9906297126,7473282.65292656,7.86607374118887e-07,10.2660676349438,1017.82263070723,343736.975249497,2152111.95434837,10861089.8223849,88426.2415846387,1609360.40438259,9822591.09189991,NA,NA,NA,NA
"BM","2018","1",210,2018-07-29,"peak","SF",1,220,7,0.653846153846154,17,"Yolo","CA","USA",38.7341361,-121.6785055,"WM + SF","WGS84","SF","no HR","WM + SF3",342802.566163245,2527302.29642391,8554532.46381517,344163.9381994,2898580.29792206,14064724.2945531,220582.854700191,1374685.65298488,5479354.08786463,175482.837859804,1351715.12337162,9316392.9604462,1.36515154188632e-50,2.74604791532458e-04,76.4984103000932,344163.9381994,2898580.29792206,14064724.2945531,220582.854700191,1374685.65298488,5479354.08786463,NA,NA,NA,NA
"BM","2018","1",211,2018-07-30,"peak","SF",1,189,8,0.791666666666667,38,"Yolo","CA","USA",38.7341361,-121.6785055,"WM + SF","WGS84","SF","no HR","WM + SF3",342802.566163245,2527302.29642391,8554532.46381517,344163.9381994,2898580.29792206,14064724.2945531,220582.854700191,1374685.65298488,5479354.08786463,175482.837859804,1351715.12337162,9316392.9604462,1.36515154188632e-50,2.74604791532458e-04,76.4984103000932,344163.9381994,2898580.29792206,14064724.2945531,220582.854700191,1374685.65298488,5479354.08786463,NA,NA,NA,NA
"Butler","2019","1",162,2019-06-11,"no adj SF","HR",0,13,2,0.833333333333333,10,"Yolo","CA","USA",38.649792,-121.980569,"HR","WGS84","no SF","HR","HR3",170105.484637839,1603318.05298131,6638927.2647162,452439.608354626,1895182.13611409,10151776.0207038,325796.808511634,1587941.78250471,5591388.40839725,527.588187529019,80863.5701606001,8916974.22307594,815.790371399806,3721.63037083224,9544.54747070382,170105.484637839,1603318.05298131,6638927.2647162,452439.608354626,1895182.13611409,10151776.0207038,274,9,1.94354341256156,NA
"Butler","2019","2",167,2019-06-16,"no adj SF","HR",0,36,4,0.941176470588235,16,"Yolo","CA","USA",38.649792,-121.980569,"HR","WGS84","no SF","HR","HR3",170105.484637839,1603318.05298131,6638927.2647162,452439.608354626,1895182.13611409,10151776.0207038,325796.808511634,1587941.78250471,5591388.40839725,527.588187529019,80863.5701606001,8916974.22307594,815.790371399806,3721.63037083224,9544.54747070382,170105.484637839,1603318.05298131,6638927.2647162,452439.608354626,1895182.13611409,10151776.0207038,319,6,1.60311051193229,0.833333333333333
"Butler","2019","3",176,2019-06-25,"no adj SF","HR",0,30,4,0.941176470588235,16,"Yolo","CA","USA",38.649792,-121.980569,"HR","WGS84","no SF","HR","HR3",170105.484637839,1603318.05298131,6638927.2647162,452439.608354626,1895182.13611409,10151776.0207038,325796.808511634,1587941.78250471,5591388.40839725,527.588187529019,80863.5701606001,8916974.22307594,815.790371399806,3721.63037083224,9544.54747070382,170105.484637839,1603318.05298131,6638927.2647162,452439.608354626,1895182.13611409,10151776.0207038,159,9,1.89032106852218,NA
"Butler","2019","4",189,2019-07-08,"no adj SF","HR",0,40,5,0.846153846153846,22,"Yolo","CA","USA",38.649792,-121.980569,"HR","WGS84","no SF","HR","HR3",170105.484637839,1603318.05298131,6638927.2647162,452439.608354626,1895182.13611409,10151776.0207038,325796.808511634,1587941.78250471,5591388.40839725,527.588187529019,80863.5701606001,8916974.22307594,815.790371399806,3721.63037083224,9544.54747070382,170105.484637839,1603318.05298131,6638927.2647162,452439.608354626,1895182.13611409,10151776.0207038,404,8,0.762645985001065,0.666666666666667
"Butler","2019","5",201,2019-07-20,"no adj SF","HR",0,19,5,0.833333333333333,15,"Yolo","CA","USA",38.649792,-121.980569,"HR","WGS84","no SF","HR","HR3",170105.484637839,1603318.05298131,6638927.2647162,452439.608354626,1895182.13611409,10151776.0207038,325796.808511634,1587941.78250471,5591388.40839725,527.588187529019,80863.5701606001,8916974.22307594,815.790371399806,3721.63037083224,9544.54747070382,170105.484637839,1603318.05298131,6638927.2647162,452439.608354626,1895182.13611409,10151776.0207038,224,4,0.929702985977232,NA
"Butler","2019","6",211,2019-07-30,"no adj SF","HR",0,32,4,0.666666666666667,10,"Yolo","CA","USA",38.649792,-121.980569,"HR","WGS84","no SF","HR","HR3",170105.484637839,1603318.05298131,6638927.2647162,452439.608354626,1895182.13611409,10151776.0207038,325796.808511634,1587941.78250471,5591388.40839725,527.588187529019,80863.5701606001,8916974.22307594,815.790371399806,3721.63037083224,9544.54747070382,170105.484637839,1603318.05298131,6638927.2647162,452439.608354626,1895182.13611409,10151776.0207038,272,5,0.810827131160193,NA
"CR101","2019","1",155,2019-06-04,"before bloom","HR",0,4,2,0.25,1,"Yolo","CA","USA",38.7672762,-121.748527,"HR + SF","WGS84","SF","HR","HR + SF3",592997.703288506,2611449.27904428,12645071.8225969,242003.303253657,2495721.87975713,15850138.3699811,323447.031018768,3200330.02571835,13486273.3400273,0.00243527054984861,22587.2458005238,2924600.30588408,595.243077109794,767.964524205736,1071.61529103807,592997.703288506,2611449.27904428,12645071.8225969,242003.303253657,2495721.87975713,15850138.3699811,30,3,0.639031859650177,NA
"CR101","2019","3",181,2019-06-30,"before bloom","HR",0,1,1,1,1,"Yolo","CA","USA",38.7672762,-121.748527,"HR + SF","WGS84","SF","HR","HR + SF3",592997.703288506,2611449.27904428,12645071.8225969,242003.303253657,2495721.87975713,15850138.3699811,323447.031018768,3200330.02571835,13486273.3400273,0.00243527054984861,22587.2458005238,2924600.30588408,595.243077109794,767.964524205736,1071.61529103807,592997.703288506,2611449.27904428,12645071.8225969,242003.303253657,2495721.87975713,15850138.3699811,219,4,1.04345184281414,1
"CR101","2019","4",193,2019-07-12,"starting to bloom","HR",0.2,17,4,0.75,12,"Yolo","CA","USA",38.7672762,-121.748527,"HR + SF","WGS84","SF","HR","HR + SF3",592997.703288506,2611449.27904428,12645071.8225969,242003.303253657,2495721.87975713,15850138.3699811,323447.031018768,3200330.02571835,13486273.3400273,0.00243527054984861,22587.2458005238,2924600.30588408,595.243077109794,767.964524205736,1071.61529103807,592997.703288506,2611449.27904428,12645071.8225969,242003.303253657,2495721.87975713,15850138.3699811,127,2,0.190319268879268,NA
"CR101","2019","4",193,2019-07-12,"starting to bloom","SF",0.2,137,5,1,31,"Yolo","CA","USA",38.7672762,-121.748527,"HR + SF","WGS84","SF","HR","HR + SF3",592997.703288506,2611449.27904428,12645071.8225969,242003.303253657,2495721.87975713,15850138.3699811,323447.031018768,3200330.02571835,13486273.3400273,0.00243527054984861,22587.2458005238,2924600.30588408,595.243077109794,767.964524205736,1071.61529103807,592997.703288506,2611449.27904428,12645071.8225969,242003.303253657,2495721.87975713,15850138.3699811,127,2,0.190319268879268,NA
"CR101","2019","5",203,2019-07-22,"peak","HR",1,15,5,0.75,9,"Yolo","CA","USA",38.7672762,-121.748527,"HR + SF","WGS84","SF","HR","HR + SF3",592997.703288506,2611449.27904428,12645071.8225969,242003.303253657,2495721.87975713,15850138.3699811,323447.031018768,3200330.02571835,13486273.3400273,0.00243527054984861,22587.2458005238,2924600.30588408,595.243077109794,767.964524205736,1071.61529103807,592997.703288506,2611449.27904428,12645071.8225969,242003.303253657,2495721.87975713,15850138.3699811,102,2,0.521393747129433,0.75
"CR101","2019","5",203,2019-07-22,"peak","SF",1,139,5,1,29,"Yolo","CA","USA",38.7672762,-121.748527,"HR + SF","WGS84","SF","HR","HR + SF3",592997.703288506,2611449.27904428,12645071.8225969,242003.303253657,2495721.87975713,15850138.3699811,323447.031018768,3200330.02571835,13486273.3400273,0.00243527054984861,22587.2458005238,2924600.30588408,595.243077109794,767.964524205736,1071.61529103807,592997.703288506,2611449.27904428,12645071.8225969,242003.303253657,2495721.87975713,15850138.3699811,102,2,0.521393747129433,1
"CR101","2019","6",213,2019-08-01,"ending bloom","HR",0,6,4,1,6,"Yolo","CA","USA",38.7672762,-121.748527,"HR + SF","WGS84","SF","HR","HR + SF3",592997.703288506,2611449.27904428,12645071.8225969,242003.303253657,2495721.87975713,15850138.3699811,323447.031018768,3200330.02571835,13486273.3400273,0.00243527054984861,22587.2458005238,2924600.30588408,595.243077109794,767.964524205736,1071.61529103807,592997.703288506,2611449.27904428,12645071.8225969,242003.303253657,2495721.87975713,15850138.3699811,1425,3,0.359440670540324,NA
"CR101C","2019","1",155,2019-06-04,"before bloom","WM",0,10,3,0.6,6,"Yolo","CA","USA",38.748983,-121.748527,"WM + SF","WGS84","SF","no HR","WM + SF8",506739.584689255,2923942.96813754,12548021.2078223,426719.88497923,2752967.41611482,15111374.8954671,296316.384120381,2362160.11031057,11789385.4521226,47.715950561264,95669.461585956,3351775.43980874,0.385138614393657,188.784506284435,778.999563076643,506739.584689255,2923942.96813754,12548021.2078223,426719.88497923,2752967.41611482,15111374.8954671,410,3,0.988507873737212,NA
"CR101C","2019","2",164,2019-06-13,"before bloom","WM",0,12,3,0.75,9,"Yolo","CA","USA",38.748983,-121.748527,"WM + SF","WGS84","SF","no HR","WM + SF8",506739.584689255,2923942.96813754,12548021.2078223,426719.88497923,2752967.41611482,15111374.8954671,296316.384120381,2362160.11031057,11789385.4521226,47.715950561264,95669.461585956,3351775.43980874,0.385138614393657,188.784506284435,778.999563076643,506739.584689255,2923942.96813754,12548021.2078223,426719.88497923,2752967.41611482,15111374.8954671,200,3,0.267719118460096,NA
"CR101C","2019","3",181,2019-06-30,"starting to bloom","SF",0.3,64,6,0.931034482758621,27,"Yolo","CA","USA",38.748983,-121.748527,"WM + SF","WGS84","SF","no HR","WM + SF8",506739.584689255,2923942.96813754,12548021.2078223,426719.88497923,2752967.41611482,15111374.8954671,296316.384120381,2362160.11031057,11789385.4521226,47.715950561264,95669.461585956,3351775.43980874,0.385138614393657,188.784506284435,778.999563076643,506739.584689255,2923942.96813754,12548021.2078223,426719.88497923,2752967.41611482,15111374.8954671,159,6,0.866562047792931,NA
"CR101C","2019","3",181,2019-06-30,"starting to bloom","WM",0.3,44,3,0.842105263157895,16,"Yolo","CA","USA",38.748983,-121.748527,"WM + SF","WGS84","SF","no HR","WM + SF8",506739.584689255,2923942.96813754,12548021.2078223,426719.88497923,2752967.41611482,15111374.8954671,296316.384120381,2362160.11031057,11789385.4521226,47.715950561264,95669.461585956,3351775.43980874,0.385138614393657,188.784506284435,778.999563076643,506739.584689255,2923942.96813754,12548021.2078223,426719.88497923,2752967.41611482,15111374.8954671,159,6,0.866562047792931,1
"CR101C","2019","4",192,2019-07-11,"peak","SF",0.8,118,4,1,33,"Yolo","CA","USA",38.748983,-121.748527,"WM + SF","WGS84","SF","no HR","WM + SF8",506739.584689255,2923942.96813754,12548021.2078223,426719.88497923,2752967.41611482,15111374.8954671,296316.384120381,2362160.11031057,11789385.4521226,47.715950561264,95669.461585956,3351775.43980874,0.385138614393657,188.784506284435,778.999563076643,506739.584689255,2923942.96813754,12548021.2078223,426719.88497923,2752967.41611482,15111374.8954671,145,2,0.149994923610415,NA
"CR101C","2019","5",203,2019-07-22,"ending bloom","SF",0.22,71,5,0.96875,31,"Yolo","CA","USA",38.748983,-121.748527,"WM + SF","WGS84","SF","no HR","WM + SF8",506739.584689255,2923942.96813754,12548021.2078223,426719.88497923,2752967.41611482,15111374.8954671,296316.384120381,2362160.11031057,11789385.4521226,47.715950561264,95669.461585956,3351775.43980874,0.385138614393657,188.784506284435,778.999563076643,506739.584689255,2923942.96813754,12548021.2078223,426719.88497923,2752967.41611482,15111374.8954671,0,0,0,0.666666666666667
"CR101C","2019","6",213,2019-08-01,"after bloom","WM",0,29,2,0.625,10,"Yolo","CA","USA",38.748983,-121.748527,"WM + SF","WGS84","SF","no HR","WM + SF8",506739.584689255,2923942.96813754,12548021.2078223,426719.88497923,2752967.41611482,15111374.8954671,296316.384120381,2362160.11031057,11789385.4521226,47.715950561264,95669.461585956,3351775.43980874,0.385138614393657,188.784506284435,778.999563076643,506739.584689255,2923942.96813754,12548021.2078223,426719.88497923,2752967.41611482,15111374.8954671,45,1,0,NA
"Fong","2019","1",161,2019-06-10,"no adj SF","HR",0,17,3,0.846153846153846,11,"Yolo","CA","USA",38.6950114,-121.8905656,"HR","WGS84","no SF","HR","HR2",52202.5046689185,652484.89504011,5297162.3755852,422543.807382731,1054690.12053464,6804775.75872519,95843.3060872472,505534.243993586,4131762.32540073,189111.038818624,2928494.34732312,12372049.1407492,528.378567334204,988.595741268864,1789.82812920855,52202.5046689185,652484.89504011,5297162.3755852,422543.807382731,1054690.12053464,6804775.75872519,648,6,0.976062910698207,NA
"Fong","2019","2",166,2019-06-15,"no adj SF","HR",0,40,4,0.8125,13,"Yolo","CA","USA",38.6950114,-121.8905656,"HR","WGS84","no SF","HR","HR2",52202.5046689185,652484.89504011,5297162.3755852,422543.807382731,1054690.12053464,6804775.75872519,95843.3060872472,505534.243993586,4131762.32540073,189111.038818624,2928494.34732312,12372049.1407492,528.378567334204,988.595741268864,1789.82812920855,52202.5046689185,652484.89504011,5297162.3755852,422543.807382731,1054690.12053464,6804775.75872519,985,8,1.79090229236106,NA
"Fong","2019","3",180,2019-06-29,"no adj SF","HR",0,34,4,0.869565217391304,20,"Yolo","CA","USA",38.6950114,-121.8905656,"HR","WGS84","no SF","HR","HR2",52202.5046689185,652484.89504011,5297162.3755852,422543.807382731,1054690.12053464,6804775.75872519,95843.3060872472,505534.243993586,4131762.32540073,189111.038818624,2928494.34732312,12372049.1407492,528.378567334204,988.595741268864,1789.82812920855,52202.5046689185,652484.89504011,5297162.3755852,422543.807382731,1054690.12053464,6804775.75872519,421,6,1.39763955524798,0.8
"Fong","2019","4",195,2019-07-14,"no adj SF","HR",0,23,3,0.733333333333333,11,"Yolo","CA","USA",38.6950114,-121.8905656,"HR","WGS84","no SF","HR","HR2",52202.5046689185,652484.89504011,5297162.3755852,422543.807382731,1054690.12053464,6804775.75872519,95843.3060872472,505534.243993586,4131762.32540073,189111.038818624,2928494.34732312,12372049.1407492,528.378567334204,988.595741268864,1789.82812920855,52202.5046689185,652484.89504011,5297162.3755852,422543.807382731,1054690.12053464,6804775.75872519,1348,8,1.29005015464337,NA
"Fong","2019","5",205,2019-07-24,"no adj SF","HR",0,44,4,0.928571428571429,13,"Yolo","CA","USA",38.6950114,-121.8905656,"HR","WGS84","no SF","HR","HR2",52202.5046689185,652484.89504011,5297162.3755852,422543.807382731,1054690.12053464,6804775.75872519,95843.3060872472,505534.243993586,4131762.32540073,189111.038818624,2928494.34732312,12372049.1407492,528.378567334204,988.595741268864,1789.82812920855,52202.5046689185,652484.89504011,5297162.3755852,422543.807382731,1054690.12053464,6804775.75872519,677,6,0.742297972555496,0.857142857142857
"Fong","2019","6",212,2019-07-31,"no adj SF","HR",0,79,3,0.833333333333333,15,"Yolo","CA","USA",38.6950114,-121.8905656,"HR","WGS84","no SF","HR","HR2",52202.5046689185,652484.89504011,5297162.3755852,422543.807382731,1054690.12053464,6804775.75872519,95843.3060872472,505534.243993586,4131762.32540073,189111.038818624,2928494.34732312,12372049.1407492,528.378567334204,988.595741268864,1789.82812920855,52202.5046689185,652484.89504011,5297162.3755852,422543.807382731,1054690.12053464,6804775.75872519,836,6,0.889335894164553,NA
"Hatanaka","2019","1",161,2019-06-10,"no adj SF","WM",0,14,3,0.785714285714286,11,"Yolo","CA","USA",38.6805569,-121.9396055,"WM","WGS84","no SF","no HR","WM1",248676.428991787,2154891.38792681,7737976.85348945,669493.459768132,2714764.36242816,9716345.09223699,352578.145412115,1301548.47230041,4940186.86809714,3130.33429612434,373782.361588651,5982770.11473745,9.6714224889352e-06,63.6767803989989,3529.41469678568,248676.428991787,2154891.38792681,7737976.85348945,669493.459768132,2714764.36242816,9716345.09223699,422,2,0.0643319868979295,NA
"Hatanaka","2019","2",166,2019-06-15,"no adj SF","WM",0,10,3,0.7,7,"Yolo","CA","USA",38.6805569,-121.9396055,"WM","WGS84","no SF","no HR","WM1",248676.428991787,2154891.38792681,7737976.85348945,669493.459768132,2714764.36242816,9716345.09223699,352578.145412115,1301548.47230041,4940186.86809714,3130.33429612434,373782.361588651,5982770.11473745,9.6714224889352e-06,63.6767803989989,3529.41469678568,248676.428991787,2154891.38792681,7737976.85348945,669493.459768132,2714764.36242816,9716345.09223699,447,3,0.302190874704031,1
"Hatanaka","2019","3",180,2019-06-29,"no adj SF","WM",0,40,3,0.714285714285714,15,"Yolo","CA","USA",38.6805569,-121.9396055,"WM","WGS84","no SF","no HR","WM1",248676.428991787,2154891.38792681,7737976.85348945,669493.459768132,2714764.36242816,9716345.09223699,352578.145412115,1301548.47230041,4940186.86809714,3130.33429612434,373782.361588651,5982770.11473745,9.6714224889352e-06,63.6767803989989,3529.41469678568,248676.428991787,2154891.38792681,7737976.85348945,669493.459768132,2714764.36242816,9716345.09223699,1132,2,0.137921395623502,1
"Hatanaka","2019","4",195,2019-07-14,"no adj SF","WM",0,19,3,0.823529411764706,14,"Yolo","CA","USA",38.6805569,-121.9396055,"WM","WGS84","no SF","no HR","WM1",248676.428991787,2154891.38792681,7737976.85348945,669493.459768132,2714764.36242816,9716345.09223699,352578.145412115,1301548.47230041,4940186.86809714,3130.33429612434,373782.361588651,5982770.11473745,9.6714224889352e-06,63.6767803989989,3529.41469678568,248676.428991787,2154891.38792681,7737976.85348945,669493.459768132,2714764.36242816,9716345.09223699,514,2,0.238377143958541,NA
"Hatanaka","2019","5",205,2019-07-24,"no adj SF","WM",0,53,5,0.606060606060606,20,"Yolo","CA","USA",38.6805569,-121.9396055,"WM","WGS84","no SF","no HR","WM1",248676.428991787,2154891.38792681,7737976.85348945,669493.459768132,2714764.36242816,9716345.09223699,352578.145412115,1301548.47230041,4940186.86809714,3130.33429612434,373782.361588651,5982770.11473745,9.6714224889352e-06,63.6767803989989,3529.41469678568,248676.428991787,2154891.38792681,7737976.85348945,669493.459768132,2714764.36242816,9716345.09223699,1366,4,0.671146340913463,0.8
"Hatanaka","2019","6",212,2019-07-31,"no adj SF","WM",0,21,4,0.75,12,"Yolo","CA","USA",38.6805569,-121.9396055,"WM","WGS84","no SF","no HR","WM1",248676.428991787,2154891.38792681,7737976.85348945,669493.459768132,2714764.36242816,9716345.09223699,352578.145412115,1301548.47230041,4940186.86809714,3130.33429612434,373782.361588651,5982770.11473745,9.6714224889352e-06,63.6767803989989,3529.41469678568,248676.428991787,2154891.38792681,7737976.85348945,669493.459768132,2714764.36242816,9716345.09223699,144,2,0.233791658706459,NA
"Joe","2019","1",161,2019-06-10,"no adj SF","WM",0,24,3,0.785714285714286,11,"Yolo","CA","USA",38.591119,-121.968234,"WM","WGS84","no SF","no HR","WM2",68698.4549584285,1170273.628696,5250294.9450356,452426.877039877,1759043.07771914,7843806.76574087,365057.09884293,1899387.99881784,6942713.74186768,134.575924159028,504321.291570887,14434547.8635479,78.6109000994301,1629.10251205957,6023.29601054685,68698.4549584285,1170273.628696,5250294.9450356,452426.877039877,1759043.07771914,7843806.76574087,1394,5,1.06766922071304,NA
"Joe","2019","2",166,2019-06-15,"no adj SF","WM",0,19,4,0.875,14,"Yolo","CA","USA",38.591119,-121.968234,"WM","WGS84","no SF","no HR","WM2",68698.4549584285,1170273.628696,5250294.9450356,452426.877039877,1759043.07771914,7843806.76574087,365057.09884293,1899387.99881784,6942713.74186768,134.575924159028,504321.291570887,14434547.8635479,78.6109000994301,1629.10251205957,6023.29601054685,68698.4549584285,1170273.628696,5250294.9450356,452426.877039877,1759043.07771914,7843806.76574087,1480,5,1.20102483970948,NA
"Joe","2019","3",172,2019-06-21,"no adj SF","WM",0,32,5,0.862068965517241,25,"Yolo","CA","USA",38.591119,-121.968234,"WM","WGS84","no SF","no HR","WM2",68698.4549584285,1170273.628696,5250294.9450356,452426.877039877,1759043.07771914,7843806.76574087,365057.09884293,1899387.99881784,6942713.74186768,134.575924159028,504321.291570887,14434547.8635479,78.6109000994301,1629.10251205957,6023.29601054685,68698.4549584285,1170273.628696,5250294.9450356,452426.877039877,1759043.07771914,7843806.76574087,670,6,1.24425910936854,NA
"Joe","2019","4",186,2019-07-05,"no adj SF","WM",0,43,3,0.869565217391304,20,"Yolo","CA","USA",38.591119,-121.968234,"WM","WGS84","no SF","no HR","WM2",68698.4549584285,1170273.628696,5250294.9450356,452426.877039877,1759043.07771914,7843806.76574087,365057.09884293,1899387.99881784,6942713.74186768,134.575924159028,504321.291570887,14434547.8635479,78.6109000994301,1629.10251205957,6023.29601054685,68698.4549584285,1170273.628696,5250294.9450356,452426.877039877,1759043.07771914,7843806.76574087,946,8,1.46084373006857,0.714285714285714
"Joe","2019","5",197,2019-07-16,"no adj SF","WM",0,27,3,0.684210526315789,13,"Yolo","CA","USA",38.591119,-121.968234,"WM","WGS84","no SF","no HR","WM2",68698.4549584285,1170273.628696,5250294.9450356,452426.877039877,1759043.07771914,7843806.76574087,365057.09884293,1899387.99881784,6942713.74186768,134.575924159028,504321.291570887,14434547.8635479,78.6109000994301,1629.10251205957,6023.29601054685,68698.4549584285,1170273.628696,5250294.9450356,452426.877039877,1759043.07771914,7843806.76574087,392,6,1.06722899528677,NA
"Joe","2019","6",208,2019-07-27,"no adj SF","WM",0,4,2,0.75,3,"Yolo","CA","USA",38.591119,-121.968234,"WM","WGS84","no SF","no HR","WM2",68698.4549584285,1170273.628696,5250294.9450356,452426.877039877,1759043.07771914,7843806.76574087,365057.09884293,1899387.99881784,6942713.74186768,134.575924159028,504321.291570887,14434547.8635479,78.6109000994301,1629.10251205957,6023.29601054685,68698.4549584285,1170273.628696,5250294.9450356,452426.877039877,1759043.07771914,7843806.76574087,487,4,0.698301456049298,NA
"Nightstand","2019","1",162,2019-06-11,"no adj SF","HR",0,15,5,0.846153846153846,11,"Yolo","CA","USA",38.576408,-121.971003,"HR","WGS84","no SF","HR","HR1",57964.7897021251,1261204.45622548,5061900.99713966,51386.640652751,1298576.01844269,6788700.2132994,249272.350949646,1667914.75391801,6006186.11302514,20786.997028983,1213466.28544731,17647334.0270604,349.590379434643,1115.37318655106,4148.21290215664,57964.7897021251,1261204.45622548,5061900.99713966,51386.640652751,1298576.01844269,6788700.2132994,1533,9,0.873597323162438,NA
"Nightstand","2019","2",167,2019-06-16,"no adj SF","HR",0,11,4,0.909090909090909,10,"Yolo","CA","USA",38.576408,-121.971003,"HR","WGS84","no SF","HR","HR1",57964.7897021251,1261204.45622548,5061900.99713966,51386.640652751,1298576.01844269,6788700.2132994,249272.350949646,1667914.75391801,6006186.11302514,20786.997028983,1213466.28544731,17647334.0270604,349.590379434643,1115.37318655106,4148.21290215664,57964.7897021251,1261204.45622548,5061900.99713966,51386.640652751,1298576.01844269,6788700.2132994,2011,7,1.09565377953932,1
"Nightstand","2019","3",174,2019-06-23,"no adj SF","HR",0,3,2,1,3,"Yolo","CA","USA",38.576408,-121.971003,"HR","WGS84","no SF","HR","HR1",57964.7897021251,1261204.45622548,5061900.99713966,51386.640652751,1298576.01844269,6788700.2132994,249272.350949646,1667914.75391801,6006186.11302514,20786.997028983,1213466.28544731,17647334.0270604,349.590379434643,1115.37318655106,4148.21290215664,57964.7897021251,1261204.45622548,5061900.99713966,51386.640652751,1298576.01844269,6788700.2132994,1510,13,1.35318313095562,NA
"Nightstand","2019","4",186,2019-07-05,"no adj SF","HR",0,11,5,0.545454545454545,6,"Yolo","CA","USA",38.576408,-121.971003,"HR","WGS84","no SF","HR","HR1",57964.7897021251,1261204.45622548,5061900.99713966,51386.640652751,1298576.01844269,6788700.2132994,249272.350949646,1667914.75391801,6006186.11302514,20786.997028983,1213466.28544731,17647334.0270604,349.590379434643,1115.37318655106,4148.21290215664,57964.7897021251,1261204.45622548,5061900.99713966,51386.640652751,1298576.01844269,6788700.2132994,1818,8,1.42305366687672,0.857142857142857
"Nightstand","2019","5",198,2019-07-17,"no adj SF","HR",0,11,3,0.818181818181818,9,"Yolo","CA","USA",38.576408,-121.971003,"HR","WGS84","no SF","HR","HR1",57964.7897021251,1261204.45622548,5061900.99713966,51386.640652751,1298576.01844269,6788700.2132994,249272.350949646,1667914.75391801,6006186.11302514,20786.997028983,1213466.28544731,17647334.0270604,349.590379434643,1115.37318655106,4148.21290215664,57964.7897021251,1261204.45622548,5061900.99713966,51386.640652751,1298576.01844269,6788700.2132994,1670,9,1.43331690058386,NA
"Nightstand","2019","6",208,2019-07-27,"no adj SF","HR",0,4,2,1,4,"Yolo","CA","USA",38.576408,-121.971003,"HR","WGS84","no SF","HR","HR1",57964.7897021251,1261204.45622548,5061900.99713966,51386.640652751,1298576.01844269,6788700.2132994,249272.350949646,1667914.75391801,6006186.11302514,20786.997028983,1213466.28544731,17647334.0270604,349.590379434643,1115.37318655106,4148.21290215664,57964.7897021251,1261204.45622548,5061900.99713966,51386.640652751,1298576.01844269,6788700.2132994,463,6,1.08172707165053,NA
"Nightstand","2019","6",209,2019-07-28,"no adj SF","HR",0,3,2,1,3,"Yolo","CA","USA",38.576408,-121.971003,"HR","WGS84","no SF","HR","HR1",57964.7897021251,1261204.45622548,5061900.99713966,51386.640652751,1298576.01844269,6788700.2132994,249272.350949646,1667914.75391801,6006186.11302514,20786.997028983,1213466.28544731,17647334.0270604,349.590379434643,1115.37318655106,4148.21290215664,57964.7897021251,1261204.45622548,5061900.99713966,51386.640652751,1298576.01844269,6788700.2132994,463,6,1.08172707165053,NA
"Pine","2019","1",157,2019-06-06,"before bloom","HR",0,5,2,0.2,1,"Yolo","CA","USA",38.6348936,-121.9974158,"HR + SF","WGS84","SF","HR","HR + SF2",415830.147925605,1383012.40407362,5322408.66092409,306467.395951277,1826879.45869774,7987894.00144425,46423.7878994974,809290.159482721,4590601.52255417,21785.5457701831,1702840.7151861,19140694.0193977,1048.51212168824,4899.35390959956,10569.3790347597,415830.147925605,1383012.40407362,5322408.66092409,306467.395951277,1826879.45869774,7987894.00144425,754,8,1.766702010405,NA
"Pine","2019","2",165,2019-06-14,"before bloom","HR",0,1,1,1,1,"Yolo","CA","USA",38.6348936,-121.9974158,"HR + SF","WGS84","SF","HR","HR + SF2",415830.147925605,1383012.40407362,5322408.66092409,306467.395951277,1826879.45869774,7987894.00144425,46423.7878994974,809290.159482721,4590601.52255417,21785.5457701831,1702840.7151861,19140694.0193977,1048.51212168824,4899.35390959956,10569.3790347597,415830.147925605,1383012.40407362,5322408.66092409,306467.395951277,1826879.45869774,7987894.00144425,559,7,1.22482378702009,0.5
"Pine","2019","3",179,2019-06-28,"peak","HR",0.76,16,5,0.833333333333333,10,"Yolo","CA","USA",38.6348936,-121.9974158,"HR + SF","WGS84","SF","HR","HR + SF2",415830.147925605,1383012.40407362,5322408.66092409,306467.395951277,1826879.45869774,7987894.00144425,46423.7878994974,809290.159482721,4590601.52255417,21785.5457701831,1702840.7151861,19140694.0193977,1048.51212168824,4899.35390959956,10569.3790347597,415830.147925605,1383012.40407362,5322408.66092409,306467.395951277,1826879.45869774,7987894.00144425,288,7,1.85734043169338,NA
"Pine","2019","3",179,2019-06-28,"peak","SF",0.76,20,2,0.842105263157895,16,"Yolo","CA","USA",38.6348936,-121.9974158,"HR + SF","WGS84","SF","HR","HR + SF2",415830.147925605,1383012.40407362,5322408.66092409,306467.395951277,1826879.45869774,7987894.00144425,46423.7878994974,809290.159482721,4590601.52255417,21785.5457701831,1702840.7151861,19140694.0193977,1048.51212168824,4899.35390959956,10569.3790347597,415830.147925605,1383012.40407362,5322408.66092409,306467.395951277,1826879.45869774,7987894.00144425,288,7,1.85734043169338,NA
"Pine","2019","4",188,2019-07-07,"peak","HR",1,29,4,0.9,18,"Yolo","CA","USA",38.6348936,-121.9974158,"HR + SF","WGS84","SF","HR","HR + SF2",415830.147925605,1383012.40407362,5322408.66092409,306467.395951277,1826879.45869774,7987894.00144425,46423.7878994974,809290.159482721,4590601.52255417,21785.5457701831,1702840.7151861,19140694.0193977,1048.51212168824,4899.35390959956,10569.3790347597,415830.147925605,1383012.40407362,5322408.66092409,306467.395951277,1826879.45869774,7987894.00144425,669,9,1.72061429953247,0.75
"Pine","2019","4",188,2019-07-07,"peak","SF",1,99,2,0.904761904761905,19,"Yolo","CA","USA",38.6348936,-121.9974158,"HR + SF","WGS84","SF","HR","HR + SF2",415830.147925605,1383012.40407362,5322408.66092409,306467.395951277,1826879.45869774,7987894.00144425,46423.7878994974,809290.159482721,4590601.52255417,21785.5457701831,1702840.7151861,19140694.0193977,1048.51212168824,4899.35390959956,10569.3790347597,415830.147925605,1383012.40407362,5322408.66092409,306467.395951277,1826879.45869774,7987894.00144425,669,9,1.72061429953247,0.666666666666667
"Pine","2019","5",201,2019-07-20,"after bloom","HR",0,35,7,0.923076923076923,24,"Yolo","CA","USA",38.6348936,-121.9974158,"HR + SF","WGS84","SF","HR","HR + SF2",415830.147925605,1383012.40407362,5322408.66092409,306467.395951277,1826879.45869774,7987894.00144425,46423.7878994974,809290.159482721,4590601.52255417,21785.5457701831,1702840.7151861,19140694.0193977,1048.51212168824,4899.35390959956,10569.3790347597,415830.147925605,1383012.40407362,5322408.66092409,306467.395951277,1826879.45869774,7987894.00144425,307,6,1.0600246151992,NA
"Pine","2019","6",208,2019-07-27,"after bloom","HR",0,45,9,0.571428571428571,20,"Yolo","CA","USA",38.6348936,-121.9974158,"HR + SF","WGS84","SF","HR","HR + SF2",415830.147925605,1383012.40407362,5322408.66092409,306467.395951277,1826879.45869774,7987894.00144425,46423.7878994974,809290.159482721,4590601.52255417,21785.5457701831,1702840.7151861,19140694.0193977,1048.51212168824,4899.35390959956,10569.3790347597,415830.147925605,1383012.40407362,5322408.66092409,306467.395951277,1826879.45869774,7987894.00144425,1248,6,0.318696593917272,NA
"RomingerControl","2019","1",156,2019-06-05,"before bloom","WM",0,10,2,0.7,7,"Yolo","CA","USA",38.545401,-121.943613,"WM + SF","WGS84","SF","no HR","WM + SF6",335184.22728384,1452537.17785105,4944138.95199203,179459.575684672,999890.032651724,5735166.24637599,55212.1744993389,611246.573638482,4348205.751591,5763.80431806633,327024.232370568,8048354.69747733,3.16799210605577e-05,148.072375329803,1833.31830472146,335184.22728384,1452537.17785105,4944138.95199203,179459.575684672,999890.032651724,5735166.24637599,1099,2,0.0760291508932398,NA
"RomingerControl","2019","2",165,2019-06-14,"before bloom","WM",0,36,4,0.894736842105263,17,"Yolo","CA","USA",38.545401,-121.943613,"WM + SF","WGS84","SF","no HR","WM + SF6",335184.22728384,1452537.17785105,4944138.95199203,179459.575684672,999890.032651724,5735166.24637599,55212.1744993389,611246.573638482,4348205.751591,5763.80431806633,327024.232370568,8048354.69747733,3.16799210605577e-05,148.072375329803,1833.31830472146,335184.22728384,1452537.17785105,4944138.95199203,179459.575684672,999890.032651724,5735166.24637599,1562,3,0.233090213277736,0.833333333333333
"RomingerControl","2019","3",174,2019-06-23,"peak","SF",0.96,133,6,0.84375,27,"Yolo","CA","USA",38.545401,-121.943613,"WM + SF","WGS84","SF","no HR","WM + SF6",335184.22728384,1452537.17785105,4944138.95199203,179459.575684672,999890.032651724,5735166.24637599,55212.1744993389,611246.573638482,4348205.751591,5763.80431806633,327024.232370568,8048354.69747733,3.16799210605577e-05,148.072375329803,1833.31830472146,335184.22728384,1452537.17785105,4944138.95199203,179459.575684672,999890.032651724,5735166.24637599,1362,5,0.234817420502007,NA
"RomingerControl","2019","3",174,2019-06-23,"peak","WM",0.96,10,1,1,5,"Yolo","CA","USA",38.545401,-121.943613,"WM + SF","WGS84","SF","no HR","WM + SF6",335184.22728384,1452537.17785105,4944138.95199203,179459.575684672,999890.032651724,5735166.24637599,55212.1744993389,611246.573638482,4348205.751591,5763.80431806633,327024.232370568,8048354.69747733,3.16799210605577e-05,148.072375329803,1833.31830472146,335184.22728384,1452537.17785105,4944138.95199203,179459.575684672,999890.032651724,5735166.24637599,1362,5,0.234817420502007,NA
"RomingerControl","2019","4",185,2019-07-04,"peak","SF",0.96,87,2,0.923076923076923,24,"Yolo","CA","USA",38.545401,-121.943613,"WM + SF","WGS84","SF","no HR","WM + SF6",335184.22728384,1452537.17785105,4944138.95199203,179459.575684672,999890.032651724,5735166.24637599,55212.1744993389,611246.573638482,4348205.751591,5763.80431806633,327024.232370568,8048354.69747733,3.16799210605577e-05,148.072375329803,1833.31830472146,335184.22728384,1452537.17785105,4944138.95199203,179459.575684672,999890.032651724,5735166.24637599,44,2,0.438159320026818,NA
"RomingerControl","2019","4",185,2019-07-04,"peak","WM",0.96,19,2,0.857142857142857,6,"Yolo","CA","USA",38.545401,-121.943613,"WM + SF","WGS84","SF","no HR","WM + SF6",335184.22728384,1452537.17785105,4944138.95199203,179459.575684672,999890.032651724,5735166.24637599,55212.1744993389,611246.573638482,4348205.751591,5763.80431806633,327024.232370568,8048354.69747733,3.16799210605577e-05,148.072375329803,1833.31830472146,335184.22728384,1452537.17785105,4944138.95199203,179459.575684672,999890.032651724,5735166.24637599,44,2,0.438159320026818,0.857142857142857
"RomingerControl","2019","5",197,2019-07-16,"after bloom","WM",0,55,4,0.928571428571429,13,"Yolo","CA","USA",38.545401,-121.943613,"WM + SF","WGS84","SF","no HR","WM + SF6",335184.22728384,1452537.17785105,4944138.95199203,179459.575684672,999890.032651724,5735166.24637599,55212.1744993389,611246.573638482,4348205.751591,5763.80431806633,327024.232370568,8048354.69747733,3.16799210605577e-05,148.072375329803,1833.31830472146,335184.22728384,1452537.17785105,4944138.95199203,179459.575684672,999890.032651724,5735166.24637599,32,2,0.675464582450903,NA
"RomingerControl","2019","6",207,2019-07-26,"after bloom","WM",0,24,6,0.818181818181818,18,"Yolo","CA","USA",38.545401,-121.943613,"WM + SF","WGS84","SF","no HR","WM + SF6",335184.22728384,1452537.17785105,4944138.95199203,179459.575684672,999890.032651724,5735166.24637599,55212.1744993389,611246.573638482,4348205.751591,5763.80431806633,327024.232370568,8048354.69747733,3.16799210605577e-05,148.072375329803,1833.31830472146,335184.22728384,1452537.17785105,4944138.95199203,179459.575684672,999890.032651724,5735166.24637599,235,2,0.0490397522636138,NA
"RomingerForb","2019","1",156,2019-06-05,"before bloom","HR",0,1,1,1,1,"Yolo","CA","USA",38.5923025,-121.985363,"HR + SF","WGS84","SF","HR","HR + SF1",389471.662170671,1160282.31358296,4574951.18889245,61297.0040208266,974323.383669211,6476867.78536069,190695.091467796,1385879.83620989,5646053.72248204,12277.2934395268,2222783.76307857,23201131.9019744,1708.32341989831,2719.02256092382,6764.85671022927,389471.662170671,1160282.31358296,4574951.18889245,61297.0040208266,974323.383669211,6476867.78536069,344,3,0.292269659956229,NA
"RomingerForb","2019","2",165,2019-06-14,"starting to bloom","HR",0.04,3,2,1,2,"Yolo","CA","USA",38.5923025,-121.985363,"HR + SF","WGS84","SF","HR","HR + SF1",389471.662170671,1160282.31358296,4574951.18889245,61297.0040208266,974323.383669211,6476867.78536069,190695.091467796,1385879.83620989,5646053.72248204,12277.2934395268,2222783.76307857,23201131.9019744,1708.32341989831,2719.02256092382,6764.85671022927,389471.662170671,1160282.31358296,4574951.18889245,61297.0040208266,974323.383669211,6476867.78536069,380,1,0,0.833333333333333
"RomingerForb","2019","3",171,2019-06-20,"peak","SF",1,88,5,0.88,22,"Yolo","CA","USA",38.5923025,-121.985363,"HR + SF","WGS84","SF","HR","HR + SF1",389471.662170671,1160282.31358296,4574951.18889245,61297.0040208266,974323.383669211,6476867.78536069,190695.091467796,1385879.83620989,5646053.72248204,12277.2934395268,2222783.76307857,23201131.9019744,1708.32341989831,2719.02256092382,6764.85671022927,389471.662170671,1160282.31358296,4574951.18889245,61297.0040208266,974323.383669211,6476867.78536069,239,1,0,NA
"RomingerForb","2019","4",184,2019-07-03,"peak","HR",1,3,1,1,3,"Yolo","CA","USA",38.5923025,-121.985363,"HR + SF","WGS84","SF","HR","HR + SF1",389471.662170671,1160282.31358296,4574951.18889245,61297.0040208266,974323.383669211,6476867.78536069,190695.091467796,1385879.83620989,5646053.72248204,12277.2934395268,2222783.76307857,23201131.9019744,1708.32341989831,2719.02256092382,6764.85671022927,389471.662170671,1160282.31358296,4574951.18889245,61297.0040208266,974323.383669211,6476867.78536069,115,3,0.270921808016297,1
"RomingerForb","2019","4",184,2019-07-03,"peak","SF",1,122,5,0.846153846153846,22,"Yolo","CA","USA",38.5923025,-121.985363,"HR + SF","WGS84","SF","HR","HR + SF1",389471.662170671,1160282.31358296,4574951.18889245,61297.0040208266,974323.383669211,6476867.78536069,190695.091467796,1385879.83620989,5646053.72248204,12277.2934395268,2222783.76307857,23201131.9019744,1708.32341989831,2719.02256092382,6764.85671022927,389471.662170671,1160282.31358296,4574951.18889245,61297.0040208266,974323.383669211,6476867.78536069,115,3,0.270921808016297,1
"RomingerForb","2019","5",196,2019-07-15,"ending bloom","HR",0.3,40,4,0.9,9,"Yolo","CA","USA",38.5923025,-121.985363,"HR + SF","WGS84","SF","HR","HR + SF1",389471.662170671,1160282.31358296,4574951.18889245,61297.0040208266,974323.383669211,6476867.78536069,190695.091467796,1385879.83620989,5646053.72248204,12277.2934395268,2222783.76307857,23201131.9019744,1708.32341989831,2719.02256092382,6764.85671022927,389471.662170671,1160282.31358296,4574951.18889245,61297.0040208266,974323.383669211,6476867.78536069,254,4,1.26165958354385,NA
"RomingerForb","2019","5",196,2019-07-15,"ending bloom","SF",0.3,28,5,0.909090909090909,20,"Yolo","CA","USA",38.5923025,-121.985363,"HR + SF","WGS84","SF","HR","HR + SF1",389471.662170671,1160282.31358296,4574951.18889245,61297.0040208266,974323.383669211,6476867.78536069,190695.091467796,1385879.83620989,5646053.72248204,12277.2934395268,2222783.76307857,23201131.9019744,1708.32341989831,2719.02256092382,6764.85671022927,389471.662170671,1160282.31358296,4574951.18889245,61297.0040208266,974323.383669211,6476867.78536069,254,4,1.26165958354385,NA
"RomingerForb","2019","6",207,2019-07-26,"after bloom","HR",0,19,2,0.909090909090909,10,"Yolo","CA","USA",38.5923025,-121.985363,"HR + SF","WGS84","SF","HR","HR + SF1",389471.662170671,1160282.31358296,4574951.18889245,61297.0040208266,974323.383669211,6476867.78536069,190695.091467796,1385879.83620989,5646053.72248204,12277.2934395268,2222783.76307857,23201131.9019744,1708.32341989831,2719.02256092382,6764.85671022927,389471.662170671,1160282.31358296,4574951.18889245,61297.0040208266,974323.383669211,6476867.78536069,65,4,0.352337078271547,NA
"Sagara","2019","1",163,2019-06-12,"before bloom","WM",0,1,1,1,1,"Yolo","CA","USA",38.6774747,-121.9535178,"WM + SF","WGS84","SF","no HR","WM + SF7",422280.924472977,2067596.86489419,7958932.49249577,155929.636201264,2380370.84052168,10016567.9918503,71909.963149756,907346.769765381,5257806.63688834,20477.0154453609,188743.370559491,5200045.60632589,0.264692343531893,331.547925644286,4700.38167167952,422280.924472977,2067596.86489419,7958932.49249577,155929.636201264,2380370.84052168,10016567.9918503,2416,6,0.315567211317043,NA
"Sagara","2019","2",168,2019-06-17,"before bloom","WM",0,1,1,1,1,"Yolo","CA","USA",38.6774747,-121.9535178,"WM + SF","WGS84","SF","no HR","WM + SF7",422280.924472977,2067596.86489419,7958932.49249577,155929.636201264,2380370.84052168,10016567.9918503,71909.963149756,907346.769765381,5257806.63688834,20477.0154453609,188743.370559491,5200045.60632589,0.264692343531893,331.547925644286,4700.38167167952,422280.924472977,2067596.86489419,7958932.49249577,155929.636201264,2380370.84052168,10016567.9918503,97,4,1.12495310960366,1
"Sagara","2019","3",182,2019-07-01,"starting to bloom","SF",0.08,58,3,0.916666666666667,11,"Yolo","CA","USA",38.6774747,-121.9535178,"WM + SF","WGS84","SF","no HR","WM + SF7",422280.924472977,2067596.86489419,7958932.49249577,155929.636201264,2380370.84052168,10016567.9918503,71909.963149756,907346.769765381,5257806.63688834,20477.0154453609,188743.370559491,5200045.60632589,0.264692343531893,331.547925644286,4700.38167167952,422280.924472977,2067596.86489419,7958932.49249577,155929.636201264,2380370.84052168,10016567.9918503,2337,4,0.0775287223414179,NA
"Sagara","2019","3",182,2019-07-01,"starting to bloom","WM",0.08,12,4,0.583333333333333,7,"Yolo","CA","USA",38.6774747,-121.9535178,"WM + SF","WGS84","SF","no HR","WM + SF7",422280.924472977,2067596.86489419,7958932.49249577,155929.636201264,2380370.84052168,10016567.9918503,71909.963149756,907346.769765381,5257806.63688834,20477.0154453609,188743.370559491,5200045.60632589,0.264692343531893,331.547925644286,4700.38167167952,422280.924472977,2067596.86489419,7958932.49249577,155929.636201264,2380370.84052168,10016567.9918503,2337,4,0.0775287223414179,NA
"Sagara","2019","4",190,2019-07-09,"peak","SF",0.92,108,2,1,11,"Yolo","CA","USA",38.6774747,-121.9535178,"WM + SF","WGS84","SF","no HR","WM + SF7",422280.924472977,2067596.86489419,7958932.49249577,155929.636201264,2380370.84052168,10016567.9918503,71909.963149756,907346.769765381,5257806.63688834,20477.0154453609,188743.370559491,5200045.60632589,0.264692343531893,331.547925644286,4700.38167167952,422280.924472977,2067596.86489419,7958932.49249577,155929.636201264,2380370.84052168,10016567.9918503,285,4,0.906920600190404,0.666666666666667
"Sagara","2019","4",190,2019-07-09,"peak","WM",0.92,2,1,1,2,"Yolo","CA","USA",38.6774747,-121.9535178,"WM + SF","WGS84","SF","no HR","WM + SF7",422280.924472977,2067596.86489419,7958932.49249577,155929.636201264,2380370.84052168,10016567.9918503,71909.963149756,907346.769765381,5257806.63688834,20477.0154453609,188743.370559491,5200045.60632589,0.264692343531893,331.547925644286,4700.38167167952,422280.924472977,2067596.86489419,7958932.49249577,155929.636201264,2380370.84052168,10016567.9918503,285,4,0.906920600190404,0.6
"Sagara","2019","5",202,2019-07-21,"ending bloom","SF",0.18,31,2,1,16,"Yolo","CA","USA",38.6774747,-121.9535178,"WM + SF","WGS84","SF","no HR","WM + SF7",422280.924472977,2067596.86489419,7958932.49249577,155929.636201264,2380370.84052168,10016567.9918503,71909.963149756,907346.769765381,5257806.63688834,20477.0154453609,188743.370559491,5200045.60632589,0.264692343531893,331.547925644286,4700.38167167952,422280.924472977,2067596.86489419,7958932.49249577,155929.636201264,2380370.84052168,10016567.9918503,649,6,0.617855955465953,NA
"Sagara","2019","5",202,2019-07-21,"ending bloom","WM",0.18,3,2,1,3,"Yolo","CA","USA",38.6774747,-121.9535178,"WM + SF","WGS84","SF","no HR","WM + SF7",422280.924472977,2067596.86489419,7958932.49249577,155929.636201264,2380370.84052168,10016567.9918503,71909.963149756,907346.769765381,5257806.63688834,20477.0154453609,188743.370559491,5200045.60632589,0.264692343531893,331.547925644286,4700.38167167952,422280.924472977,2067596.86489419,7958932.49249577,155929.636201264,2380370.84052168,10016567.9918503,649,6,0.617855955465953,NA
"Sagara","2019","6",209,2019-07-28,"ending bloom","WM",0.02,24,4,0.529411764705882,9,"Yolo","CA","USA",38.6774747,-121.9535178,"WM + SF","WGS84","SF","no HR","WM + SF7",422280.924472977,2067596.86489419,7958932.49249577,155929.636201264,2380370.84052168,10016567.9918503,71909.963149756,907346.769765381,5257806.63688834,20477.0154453609,188743.370559491,5200045.60632589,0.264692343531893,331.547925644286,4700.38167167952,422280.924472977,2067596.86489419,7958932.49249577,155929.636201264,2380370.84052168,10016567.9918503,54,2,0.214559155176405,NA
"Turk","2018","1",209,2018-07-28,"peak","SF",1,178,8,0.615384615384615,32,"Yolo","CA","USA",38.68539167,-121.9907972,"WM + SF","WGS84","SF","no HR","WM + SF1",161801.673352706,1482465.83042556,6997558.55234514,357644.898499826,1895991.97336989,9056179.11242032,154058.392370157,1177317.78413734,4357107.15661873,10880.8034631733,180386.687366636,7604089.5755042,1.45632809106261,1103.19240370828,6301.97331291469,357644.898499826,1895991.97336989,9056179.11242032,154058.392370157,1177317.78413734,4357107.15661873,NA,NA,NA,NA
"Turk28","2018","1",224,2018-08-12,"peak","SF",1,54,6,0.4375,14,"Yolo","CA","USA",38.60619166,-121.9686889,"WM + SF","WGS84","SF","no HR","WM + SF2",209319.527448506,1022087.51421782,5525713.15208384,481108.039301032,2220526.70890162,8823633.08871224,253953.701517629,1491337.45742471,6783630.29942688,30245.4774777312,433110.546407698,12409978.0780121,3.07075651770665,1480.44666881835,7154.67763198444,481108.039301032,2220526.70890162,8823633.08871224,253953.701517629,1491337.45742471,6783630.29942688,NA,NA,NA,NA
"WM3","2019","1",163,2019-06-12,"no adj SF","WM",0,47,5,0.846153846153846,22,"Yolo","CA","USA",38.685497,-121.984531,"WM","WGS84","no SF","no HR","WM3",88675.6855887421,1370843.1309077,7171515.9953264,368677.840500774,1876750.07174138,9331337.59140299,77087.6772827494,1043548.98845125,4548534.24149148,8577.20313083435,162752.15177952,6712965.00716445,0.270197524067032,774.476056866639,6069.47064487751,88675.6855887421,1370843.1309077,7171515.9953264,368677.840500774,1876750.07174138,9331337.59140299,552,3,0.304244828182272,NA
"WM3","2019","2",168,2019-06-17,"no adj SF","WM",0,30,3,0.95,19,"Yolo","CA","USA",38.685497,-121.984531,"WM","WGS84","no SF","no HR","WM3",88675.6855887421,1370843.1309077,7171515.9953264,368677.840500774,1876750.07174138,9331337.59140299,77087.6772827494,1043548.98845125,4548534.24149148,8577.20313083435,162752.15177952,6712965.00716445,0.270197524067032,774.476056866639,6069.47064487751,88675.6855887421,1370843.1309077,7171515.9953264,368677.840500774,1876750.07174138,9331337.59140299,582,4,0.631483953472493,0.8
"WM3","2019","3",178,2019-06-27,"no adj SF","WM",0,66,4,0.818181818181818,18,"Yolo","CA","USA",38.685497,-121.984531,"WM","WGS84","no SF","no HR","WM3",88675.6855887421,1370843.1309077,7171515.9953264,368677.840500774,1876750.07174138,9331337.59140299,77087.6772827494,1043548.98845125,4548534.24149148,8577.20313083435,162752.15177952,6712965.00716445,0.270197524067032,774.476056866639,6069.47064487751,88675.6855887421,1370843.1309077,7171515.9953264,368677.840500774,1876750.07174138,9331337.59140299,571,3,0.752484993023337,1
"WM3","2019","5",202,2019-07-21,"no adj SF","WM",0,4,2,1,4,"Yolo","CA","USA",38.685497,-121.984531,"WM","WGS84","no SF","no HR","WM3",88675.6855887421,1370843.1309077,7171515.9953264,368677.840500774,1876750.07174138,9331337.59140299,77087.6772827494,1043548.98845125,4548534.24149148,8577.20313083435,162752.15177952,6712965.00716445,0.270197524067032,774.476056866639,6069.47064487751,88675.6855887421,1370843.1309077,7171515.9953264,368677.840500774,1876750.07174138,9331337.59140299,5,1,0,NA
"WM3","2019","6",211,2019-07-30,"no adj SF","WM",0,12,2,0.833333333333333,10,"Yolo","CA","USA",38.685497,-121.984531,"WM","WGS84","no SF","no HR","WM3",88675.6855887421,1370843.1309077,7171515.9953264,368677.840500774,1876750.07174138,9331337.59140299,77087.6772827494,1043548.98845125,4548534.24149148,8577.20313083435,162752.15177952,6712965.00716445,0.270197524067032,774.476056866639,6069.47064487751,88675.6855887421,1370843.1309077,7171515.9953264,368677.840500774,1876750.07174138,9331337.59140299,8,2,0.661563238157982,NA
